parameter,value
model_name,yolo26l
pretrained_weights,yolo26l.pt
num_parameters,26197932
gpu,Tesla T4
ultralytics_version,8.4.171
torch_version,2.10.0+cu128
task,detect
mode,train
model,yolo26l.pt
data,/kaggle/working/yaml/main.yaml
epochs,100
time,
patience,30
batch,16
imgsz,640
save,True
save_period,-1
cache,False
device,0
workers,4
project,/kaggle/working/runs
name,yolo26l
exist_ok,True
pretrained,True
cls_remap,True
optimizer,auto
verbose,True
seed,0
deterministic,True
single_cls,False
rect,False
cos_lr,False
close_mosaic,10
resume,False
amp,True
fraction,1.0
profile,False
freeze,
multi_scale,0.0
compile,False
channels_last,
overlap_mask,True
mask_ratio,4
dropout,0.0
val,True
split,val
save_json,False
conf,
iou,0.7
max_det,300
quantize,
dnn,False
plots,True
nms,
source,
vid_stride,1
stream_buffer,False
visualize,False
augment,False
agnostic_nms,False
classes,
retina_masks,False
embed,
show,False
save_frames,False
save_txt,False
save_conf,False
save_crop,False
show_labels,True
show_conf,True
show_boxes,True
line_width,
format,torchscript
optimize,False
dynamic,False
simplify,True
opset,
workspace,
lr0,0.01
lrf,0.01
momentum,0.937
weight_decay,0.0005
warmup_epochs,3.0
warmup_momentum,0.8
warmup_bias_lr,0.1
distill_model,
dis,6.0
box,7.5
cls,0.5
cls_pw,0.0
dfl,1.5
pose,12.0
kobj,1.0
rle,1.0
angle,1.0
dlog,1.0
dgrad,0.5
dlam,1.0
nbs,64
hsv_h,0.015
hsv_s,0.7
hsv_v,0.4
degrees,0.0
translate,0.1
scale,0.5
shear,0.0
perspective,0.0
flipud,0.0
fliplr,0.5
bgr,0.0
mosaic,1.0
mixup,0.0
cutmix,0.0
copy_paste,0.0
copy_paste_mode,flip
auto_augment,randaugment
erasing,0.4
cfg,
tracker,tracktrack.yaml
save_dir,/kaggle/working/runs/yolo26l
